time, goal_x, goal_y, x, y
2.578,0.0,0.0,-6.310050667934776,0.3500028949632434
2.5869999999999997,0.0,0.0,-6.310050667934776,0.3500028949632434
