time, goal_x, goal_y, x, y
2.754,0.0,0.0,-6.310054160896177,0.3500035816546782
2.759,0.0,0.0,-6.310054160896177,0.3500035816546782
