time, goal_x, goal_y, x, y
2.577,0.0,0.0,-6.310050667934776,0.3500028949632434
2.584,0.0,0.0,-6.310050667934776,0.3500028949632434
