time, goal_x, goal_y, x, y
2.075,0.0,0.0,-6.310040214090381,0.3500008387092208
2.08,0.0,0.0,-6.310040214090381,0.3500008387092208
