time, goal_x, goal_y, x, y
2.076,0.0,0.0,-6.310040214090381,0.3500008387092208
2.081,0.0,0.0,-6.310040214090381,0.3500008387092208
